query_id,item_id,in_bm25,in_vector,in_hybrid
q_001,N21395,0,1,1
q_001,N23191,0,1,0
q_001,N49002,0,1,0
q_001,N5351,0,1,0
q_002,N15942,0,1,1
q_002,N23418,0,1,1
q_002,N41533,0,1,1
q_002,N46127,0,1,1
q_002,N46423,0,1,1
q_002,N53124,0,1,1
q_002,N6133,0,1,1
q_002,N61352,0,1,1
q_003,N43711,0,1,1
q_003,N44892,0,1,1
q_004,N10107,0,1,0
q_004,N14479,0,1,0
q_004,N26736,0,1,1
q_004,N38306,0,1,0
q_004,N43512,0,1,1
q_004,N53585,0,1,0
q_004,N59367,0,1,1
q_004,N6786,0,1,0
q_004,N7054,0,0,1
q_004,N7187,0,0,1
q_005,N1804,0,1,1
q_005,N25340,0,1,1
q_005,N27270,0,1,1
q_005,N29335,0,1,1
q_005,N31878,0,1,1
q_005,N48427,0,1,0
q_005,N49221,0,1,0
q_005,N63244,0,1,1
q_005,N9570,0,1,1
q_006,N19207,0,1,1
q_006,N3737,0,1,1
q_006,N45357,0,1,1
q_006,N8096,0,1,1
q_007,N2398,0,1,0
q_008,N1722,0,1,0
q_008,N1763,0,1,1
q_008,N27557,0,1,0
q_008,N28660,0,1,1
q_008,N48613,0,1,0
q_008,N55998,0,1,0
q_009,N28651,0,1,0
q_009,N9220,0,1,1
q_010,N12288,0,1,1
q_010,N15912,0,1,0
q_010,N23444,0,1,0
q_010,N23642,0,1,1
q_010,N34794,0,1,0
q_010,N49541,0,1,0
q_010,N49878,0,1,0
q_010,N57244,0,1,1
q_011,N14136,0,0,1
q_011,N17545,0,1,1
q_011,N22244,0,1,0
q_011,N2407,0,0,1
q_011,N25798,0,1,1
q_011,N38958,0,1,0
q_011,N39884,0,1,0
q_011,N51070,0,1,0
q_011,N53496,0,1,0
q_011,N58162,0,1,0
q_011,N58704,0,1,0
q_011,N60293,0,0,1
q_011,N8408,0,0,1
q_012,N45363,0,1,0
q_012,N4676,0,0,1
q_012,N49531,0,1,1
q_012,N52417,0,1,0
q_012,N59024,0,1,1
q_013,N10249,0,1,1
q_013,N24130,0,1,0
q_013,N35816,0,1,0
q_013,N3584,0,1,1
q_013,N40306,0,1,1
q_013,N41388,0,1,1
q_013,N44484,0,1,0
q_013,N55314,0,0,1
q_013,N59984,0,1,1
q_013,N63536,0,1,0
q_014,N14539,0,0,1
q_014,N16185,0,1,0
q_014,N17007,0,1,0
q_014,N17125,0,0,1
q_014,N18004,0,1,1
q_014,N18908,0,1,1
q_014,N42685,0,1,1
q_014,N44013,0,1,1
q_014,N57205,0,1,0
q_014,N65190,0,0,1
q_015,N18574,0,1,0
q_015,N19012,0,1,0
q_015,N29970,0,1,1
q_015,N37335,0,1,0
q_015,N41947,0,1,0
q_015,N44542,0,0,1
q_015,N50492,0,0,1
q_015,N51824,0,0,1
q_015,N56281,0,1,1
q_015,N63942,0,0,1
q_015,N64377,0,1,1
q_015,N7061,0,1,1
q_016,N17125,0,1,0
q_016,N2444,0,0,1
q_016,N34315,0,0,1
q_016,N36325,0,1,0
q_016,N48559,0,1,0
q_017,N14452,0,1,0
q_017,N17292,0,1,0
q_017,N29624,0,0,1
q_017,N31165,0,0,1
q_017,N35459,0,1,0
q_017,N36594,0,1,1
q_017,N43724,0,1,0
q_017,N45696,0,1,0
q_017,N58860,0,1,1
q_017,N65035,0,0,1
q_017,N9529,0,1,0
q_018,N13356,0,0,1
q_018,N17012,0,1,1
q_018,N17808,0,1,0
q_018,N20574,0,0,1
q_018,N28804,0,0,1
q_018,N43303,0,1,0
q_018,N46017,0,1,0
q_018,N56886,0,1,0
q_018,N5768,0,1,1
q_018,N59429,0,1,0
q_018,N64024,0,1,0
q_018,N6679,0,0,1
q_019,N10093,0,1,1
q_019,N12508,0,1,0
q_019,N25487,0,1,0
q_019,N2651,0,1,0
q_019,N26720,0,1,0
q_019,N27011,0,1,0
q_019,N30505,0,0,1
q_019,N3668,0,0,1
q_019,N52113,0,1,0
q_019,N52732,0,0,1
q_019,N55257,0,1,0
q_019,N56861,0,0,1
q_019,N9288,0,1,1
q_020,N20592,0,0,1
q_020,N22884,0,1,0
q_020,N25684,0,0,1
q_020,N30470,0,1,0
q_020,N45085,0,1,0
q_020,N45549,0,0,1
q_020,N45578,0,1,0
q_020,N50262,0,1,0
q_020,N52593,0,1,0
q_020,N56997,0,1,0
q_020,N6196,0,0,1
q_021,N10814,0,1,0
q_021,N28487,0,1,0
q_021,N29133,0,1,1
q_021,N29649,0,0,1
q_021,N36558,0,1,0
q_021,N45924,0,1,0
q_021,N50596,0,1,0
q_021,N54647,0,1,0
q_021,N56630,0,1,0
q_021,N62570,0,0,1
q_021,N63448,0,1,1
q_022,N10695,0,1,1
q_022,N18012,0,1,1
q_022,N22158,0,0,1
q_022,N23980,0,1,0
q_022,N28487,0,1,0
q_022,N35385,0,0,1
q_022,N38868,0,0,1
q_022,N50596,0,1,0
q_022,N56630,0,1,0
q_022,N5733,0,1,0
q_022,N738,0,1,0
q_022,N7646,0,1,0
q_023,N1204,0,1,1
q_023,N12933,0,1,0
q_023,N22833,0,1,0
q_023,N30209,0,1,0
q_023,N45713,0,1,1
q_023,N4835,0,1,1
q_023,N60623,0,1,1
q_023,N8176,0,1,0
q_024,N20992,0,1,1
q_024,N22377,0,1,0
q_024,N27465,0,0,1
q_024,N28144,0,1,1
q_024,N30340,0,1,1
q_024,N31752,0,1,0
q_024,N35054,0,1,1
q_024,N38927,0,1,0
q_024,N41029,0,1,0
q_024,N47282,0,1,0
q_025,N10327,0,0,1
q_025,N12254,0,1,0
q_025,N16396,0,1,0
q_025,N19823,0,1,0
q_025,N24668,0,1,1
q_025,N34169,0,0,1
q_025,N41979,0,1,0
q_025,N42714,0,0,1
q_025,N51340,0,1,1
q_025,N53296,0,0,1
q_025,N54727,0,1,1
q_025,N55955,0,1,0
q_025,N5663,0,1,0
q_026,N1200,0,1,0
q_026,N18766,0,1,0
q_026,N26376,0,1,0
q_026,N2882,0,1,1
q_026,N30017,0,1,0
q_026,N32698,0,1,1
q_026,N35749,0,1,0
q_026,N41451,0,1,1
q_026,N42263,0,1,0
q_026,N61543,0,0,1
q_027,N10616,0,1,0
q_027,N25720,0,1,0
q_027,N30569,0,0,1
q_027,N35718,0,1,1
q_027,N40411,0,1,0
q_027,N4937,0,1,0
q_027,N51421,0,1,0
q_027,N58980,0,0,1
q_027,N61064,0,1,0
q_027,N9123,0,1,1
q_027,N9244,0,1,0
q_028,N32191,0,1,0
q_028,N35477,0,1,0
q_028,N35719,0,1,1
q_028,N36032,0,0,1
q_028,N48306,0,1,0
q_028,N53152,0,1,1
q_028,N55485,0,1,0
q_028,N55601,0,1,0
q_028,N56317,0,1,0
q_028,N64291,0,0,1
q_029,N10828,0,0,1
q_029,N16676,0,0,1
q_029,N25204,0,0,1
q_029,N34143,0,0,1
q_029,N34508,0,1,0
q_029,N43156,0,1,0
q_029,N45844,0,1,0
q_029,N50720,0,1,1
q_029,N50906,0,1,1
q_029,N51902,0,1,0
q_029,N5938,0,0,1
q_029,N59537,0,1,0
q_029,N63783,0,1,0
q_029,N6781,0,1,1
q_029,N7911,0,1,0
q_030,N13284,0,1,0
q_030,N13467,0,0,1
q_030,N15503,0,1,0
q_030,N18103,0,1,1
q_030,N22571,0,0,1
q_030,N25112,0,1,0
q_030,N29899,0,1,0
q_030,N31416,0,1,0
q_030,N32203,0,1,1
q_030,N46346,0,0,1
q_030,N47956,0,0,1
q_030,N48893,0,1,0
q_030,N49455,0,1,0
q_030,N57569,0,1,1
q_030,N63205,0,0,1
q_031,N10149,0,1,0
q_031,N21447,0,1,0
q_031,N2587,0,0,1
q_031,N29228,0,0,1
q_031,N40349,0,1,0
q_031,N43342,0,1,0
q_031,N44169,0,0,1
q_031,N44721,0,0,1
q_031,N47775,0,0,1
q_031,N49925,0,1,0
q_031,N57536,0,0,1
q_031,N58542,0,1,0
q_031,N6136,0,1,0
q_031,N6354,0,1,1
q_032,N10398,0,1,1
q_032,N13744,0,1,0
q_032,N24403,0,1,0
q_032,N25985,0,1,0
q_032,N30982,0,1,0
q_032,N33584,0,1,0
q_032,N43183,0,1,0
q_032,N59584,0,1,1
q_032,N65081,0,0,1
q_032,N7133,0,0,1
q_033,N17305,0,1,0
q_033,N17601,0,1,1
q_033,N24323,0,1,1
q_033,N34906,0,1,1
q_033,N37790,0,1,0
q_033,N43432,0,1,0
q_033,N44944,0,1,0
q_033,N55209,0,0,1
q_033,N7055,0,0,1
q_033,N9816,0,1,0
q_034,N11769,0,0,1
q_034,N14965,0,1,1
q_034,N19423,0,0,1
q_034,N24891,0,1,0
q_034,N29867,0,0,1
q_034,N30993,0,1,1
q_034,N32109,0,0,1
q_034,N32434,0,1,1
q_034,N39425,0,1,0
q_034,N43633,0,1,0
q_034,N4657,0,1,0
q_034,N49061,0,1,0
q_034,N8969,0,1,0
q_035,N17245,0,1,0
q_035,N26469,0,0,1
q_035,N2802,0,1,0
q_035,N28350,0,1,1
q_035,N30116,0,1,0
q_035,N30698,0,0,1
q_035,N34122,0,1,0
q_035,N53722,0,1,0
q_035,N59058,0,1,0
q_035,N61371,0,0,1
q_035,N64391,0,0,1
q_035,N6676,0,0,1
q_036,N20985,0,1,0
q_036,N28756,0,1,0
q_036,N33229,0,1,1
q_036,N40401,0,1,1
q_036,N41606,0,1,1
q_036,N47724,0,1,0
q_036,N59616,0,1,0
q_036,N63693,0,1,0
q_036,N8263,0,1,1
q_037,N10362,0,1,0
q_037,N12188,0,0,1
q_037,N16060,0,1,0
q_037,N18847,0,0,1
q_037,N37391,0,1,0
q_037,N51767,0,1,0
q_037,N58413,0,1,0
q_038,N27614,0,1,0
q_038,N32689,0,1,0
q_038,N33906,0,1,0
q_038,N37913,0,0,1
q_038,N4102,0,1,1
q_038,N52441,0,1,1
q_038,N7733,0,1,0
q_038,N9317,0,1,0
q_039,N12056,0,1,1
q_039,N1310,0,1,0
q_039,N24467,0,1,0
q_039,N28489,0,1,1
q_039,N32562,0,1,1
q_039,N3836,0,1,0
q_039,N46818,0,0,1
q_039,N49366,0,1,0
q_039,N54759,0,1,1
q_039,N818,0,1,0
q_040,N15199,0,1,0
q_040,N15996,0,0,1
q_040,N22903,0,1,1
q_040,N270,0,1,0
q_040,N27195,0,0,1
q_040,N31235,0,1,0
q_040,N34555,0,1,0
q_040,N3751,0,1,0
q_040,N39394,0,1,0
q_040,N44887,0,1,0
q_040,N4869,0,0,1
q_040,N50001,0,0,1
q_040,N51,0,0,1
q_040,N64481,0,0,1
q_041,N21544,0,1,1
q_041,N32576,0,1,0
q_041,N40666,0,1,0
q_041,N48239,0,1,1
q_041,N61748,0,1,0
q_041,N62107,0,0,1
q_041,N7609,0,1,1
q_042,N1970,0,1,1
q_042,N2478,0,1,0
q_042,N28171,0,0,1
q_042,N28329,0,1,0
q_042,N42207,0,1,0
q_042,N44908,0,0,1
q_042,N4521,0,1,0
q_042,N45400,0,0,1
q_042,N46221,0,1,0
q_042,N48980,0,1,1
q_042,N54320,0,1,0
q_042,N61570,0,1,1
q_043,N56265,0,1,0
q_043,N58256,0,1,1
q_044,N2271,0,0,1
q_044,N28568,0,1,1
q_044,N34128,0,1,0
q_044,N4293,0,0,1
q_044,N43745,0,1,0
q_044,N4566,0,1,0
q_044,N49314,0,1,1
q_044,N50761,0,1,0
q_044,N61361,0,1,0
q_044,N8897,0,1,1
q_045,N10610,0,0,1
q_045,N15900,0,1,1
q_045,N16461,0,0,1
q_045,N18805,0,1,1
q_045,N26010,0,1,1
q_045,N46149,0,1,0
q_045,N5205,0,1,0
q_045,N52778,0,0,1
q_045,N53649,0,1,0
q_045,N57693,0,1,1
q_045,N57946,0,1,0
q_046,N52649,0,0,1
q_046,N5736,0,1,0
q_046,N6735,0,1,0
q_047,N4076,0,0,1
q_047,N41369,0,1,0
q_047,N42696,0,1,0
q_047,N43764,0,1,0
q_047,N52118,0,1,1
q_047,N59846,0,1,0
q_048,N19529,0,1,0
q_048,N23351,0,0,1
q_048,N36785,0,1,1
q_048,N46718,0,1,0
q_048,N48944,0,1,1
q_048,N53384,0,1,0
q_048,N54479,0,1,0
q_048,N583,0,1,1
q_048,N60935,0,1,1
q_048,N61851,0,0,1
q_048,N64764,0,1,0
q_048,N8947,0,0,1
q_049,N10141,0,1,0
q_049,N12757,0,0,1
q_049,N1467,0,1,1
q_049,N29010,0,0,1
q_049,N31990,0,1,1
q_049,N44920,0,1,1
q_049,N54008,0,1,0
q_049,N56650,0,1,0
q_049,N63802,0,1,0
q_049,N8103,0,1,0
q_049,N9381,0,0,1
q_050,N23878,0,1,0
q_050,N24170,0,1,0
q_050,N2874,0,1,0
q_050,N39052,0,0,1
q_050,N41950,0,1,1
q_050,N42161,0,0,1
q_050,N44988,0,1,0
q_050,N49187,0,0,1
q_050,N49430,0,1,0
q_050,N5199,0,0,1
q_050,N64484,0,1,0
q_050,N7773,0,1,0
q_051,N17091,0,1,0
q_051,N25345,0,1,1
q_051,N7171,0,1,0
q_052,N10927,0,0,1
q_052,N22279,0,0,1
q_052,N23054,0,1,0
q_052,N25494,0,0,1
q_052,N31734,0,1,0
q_052,N33318,0,1,0
q_052,N36693,0,1,0
q_052,N43263,0,1,0
q_052,N43593,0,1,1
q_052,N44638,0,0,1
q_052,N50640,0,1,0
q_052,N57913,0,1,1
q_052,N58954,0,0,1
q_052,N59051,0,1,0
q_052,N63055,0,0,1
q_053,N10276,0,1,0
q_053,N19541,0,0,1
q_053,N22568,0,1,1
q_053,N23083,0,1,0
q_053,N24788,0,0,1
q_053,N27387,0,1,0
q_053,N29609,0,1,0
q_053,N34432,0,1,1
q_053,N46923,0,1,0
q_053,N61565,0,0,1
q_054,N27306,0,1,0
q_054,N38294,0,1,0
q_054,N42401,0,1,1
q_054,N61267,0,0,1
q_055,N11173,0,1,0
q_055,N26761,0,0,1
q_055,N35765,0,1,0
q_055,N38840,0,1,0
q_055,N46350,0,1,0
q_055,N52196,0,1,1
q_055,N58836,0,0,1
q_056,N14652,0,1,1
q_056,N18680,0,1,0
q_056,N28490,0,1,0
q_056,N52115,0,1,1
q_057,N19037,0,1,1
q_057,N20566,0,1,0
q_057,N25615,0,1,0
q_057,N27710,0,0,1
q_057,N32837,0,1,1
q_057,N33918,0,1,0
q_057,N3789,0,0,1
q_057,N47764,0,1,0
q_057,N58190,0,0,1
q_057,N6486,0,1,0
q_057,N708,0,1,0
q_057,N8532,0,0,1
q_058,N12054,0,0,1
q_058,N13121,0,1,1
q_058,N22910,0,1,1
q_058,N2905,0,1,0
q_058,N47064,0,1,0
q_058,N53416,0,1,1
q_058,N55374,0,0,1
q_058,N56008,0,1,0
q_058,N58358,0,0,1
q_058,N58359,0,1,1
q_058,N61297,0,1,0
q_058,N8106,0,1,1
q_059,N18347,0,0,1
q_059,N29957,0,1,0
q_059,N37858,0,1,0
q_059,N47264,0,1,0
q_059,N5006,0,1,0
q_059,N58655,0,0,1
q_059,N60495,0,1,1
q_059,N64122,0,1,1
q_059,N64686,0,1,0
q_059,N7508,0,1,1
q_060,N12095,0,0,1
q_060,N1723,0,1,0
q_060,N19520,0,0,1
q_060,N24962,0,1,0
q_060,N2689,0,1,0
q_060,N40264,0,0,1
q_060,N41032,0,1,0
q_060,N43081,0,1,0
q_060,N43089,0,1,0
q_060,N46778,0,1,1
q_060,N48546,0,0,1
q_060,N7733,0,1,0
q_061,N12734,0,1,0
q_061,N14796,0,0,1
q_061,N17604,0,1,0
q_061,N20119,0,0,1
q_061,N24930,0,0,1
q_061,N30704,0,1,1
q_061,N53893,0,1,0
q_061,N55607,0,1,0
q_061,N59751,0,1,0
q_061,N6187,0,1,0
q_061,N6773,0,1,1
q_062,N14937,0,1,1
q_062,N15385,0,1,0
q_062,N27223,0,1,0
q_062,N27704,0,1,1
q_062,N33876,0,1,0
q_062,N39131,0,1,1
q_062,N8735,0,1,0
q_062,N9949,0,1,0
q_063,N10467,0,1,0
q_063,N1325,0,1,0
q_063,N57066,0,1,1
q_063,N57969,0,0,1
q_063,N61701,0,1,1
q_064,N22846,0,1,1
q_064,N23414,0,1,0
q_064,N24072,0,0,1
q_064,N42080,0,1,0
q_064,N46887,0,1,0
q_064,N47908,0,1,1
q_064,N9026,0,1,1
q_065,N12473,0,1,0
q_065,N39712,0,1,0
q_065,N60850,0,1,1
q_066,N11915,0,1,0
q_066,N39875,0,1,1
q_066,N7953,0,1,0
q_067,N10277,0,1,0
q_067,N10387,0,0,1
q_067,N15447,0,0,1
q_067,N17230,0,1,0
q_067,N21947,0,0,1
q_067,N25814,0,1,1
q_067,N32192,0,1,0
q_067,N41060,0,1,1
q_067,N65162,0,1,0
q_068,N11460,0,1,0
q_068,N14459,0,1,0
q_068,N15034,0,0,1
q_068,N2513,0,1,0
q_068,N28718,0,0,1
q_068,N35242,0,1,0
q_068,N40344,0,0,1
q_068,N4670,0,1,1
q_068,N9063,0,1,0
q_069,N54818,0,1,0
q_069,N55314,0,1,1
q_070,N16445,0,1,0
q_070,N31813,0,1,0
q_070,N3485,0,0,1
q_070,N35803,0,1,0
q_070,N3804,0,1,1
q_070,N39275,0,0,1
q_070,N41988,0,1,0
q_070,N43680,0,0,1
q_070,N44183,0,1,0
q_070,N45023,0,1,0
q_070,N569,0,1,1
q_070,N58921,0,0,1
q_070,N59338,0,0,1
q_071,N14917,0,1,1
q_071,N2409,0,1,1
q_071,N30488,0,1,0
q_071,N32660,0,0,1
q_071,N35114,0,1,1
q_071,N35997,0,1,0
q_071,N3723,0,0,1
q_071,N47019,0,0,1
q_071,N53041,0,1,0
q_071,N5900,0,1,0
q_071,N61462,0,1,0
q_071,N9531,0,1,0
q_071,N974,0,1,0
q_072,N13034,0,1,0
q_072,N14136,0,1,0
q_072,N1494,0,1,0
q_072,N16877,0,0,1
q_072,N2122,0,0,1
q_072,N22077,0,0,1
q_072,N22713,0,1,0
q_072,N24933,0,0,1
q_072,N3074,0,0,1
q_072,N41047,0,0,1
q_072,N42108,0,1,0
q_072,N44805,0,1,0
q_072,N45984,0,0,1
q_072,N47136,0,1,0
q_072,N52272,0,1,0
q_072,N53956,0,1,0
q_072,N60592,0,1,0
q_072,N61199,0,0,1
q_072,N65076,0,0,1
q_073,N17640,0,1,0
q_073,N27925,0,1,0
q_073,N31862,0,1,0
q_073,N36218,0,1,0
q_073,N38976,0,0,1
q_073,N46713,0,1,0
q_073,N50912,0,1,0
q_073,N5311,0,1,0
q_073,N53584,0,1,1
q_073,N55364,0,1,1
q_073,N58149,0,0,1
q_073,N62995,0,1,0
q_073,N65108,0,0,1
q_074,N15633,0,1,1
q_074,N18217,0,0,1
q_074,N20138,0,0,1
q_074,N22713,0,1,0
q_074,N2586,0,0,1
q_074,N29088,0,1,0
q_074,N3107,0,1,1
q_074,N34508,0,1,0
q_074,N51019,0,1,1
q_074,N5900,0,1,0
q_074,N59540,0,1,0
q_074,N62342,0,1,1
q_074,N62703,0,1,0
q_075,N11237,0,1,1
q_075,N17908,0,1,0
q_075,N18579,0,0,1
q_075,N45384,0,1,0
q_075,N45627,0,1,1
q_075,N5311,0,1,1
q_075,N53650,0,1,1
q_075,N56871,0,1,1
q_075,N57828,0,1,0
q_075,N62828,0,0,1
q_075,N63523,0,1,0
q_075,N9260,0,1,0
q_076,N11258,0,1,0
q_076,N12349,0,0,1
q_076,N17499,0,1,1
q_076,N17733,0,0,1
q_076,N18789,0,0,1
q_076,N28014,0,0,1
q_076,N28032,0,1,0
q_076,N48754,0,1,0
q_076,N50970,0,1,0
q_076,N60544,0,1,0
q_076,N6213,0,0,1
q_076,N65180,0,1,1
q_077,N11978,0,0,1
q_077,N18823,0,0,1
q_077,N23266,0,1,0
q_077,N25664,0,1,0
q_077,N28887,0,1,0
q_077,N34508,0,1,0
q_077,N35007,0,0,1
q_077,N36825,0,1,1
q_077,N46082,0,1,0
q_077,N53041,0,1,0
q_077,N58027,0,0,1
q_077,N60361,0,1,1
q_077,N61515,0,1,0
q_077,N9684,0,0,1
q_078,N10470,0,0,1
q_078,N10713,0,1,1
q_078,N15304,0,1,1
q_078,N18751,0,1,0
q_078,N23532,0,0,1
q_078,N35903,0,1,0
q_078,N40889,0,1,0
q_078,N44636,0,1,0
q_078,N52378,0,0,1
q_078,N60598,0,1,0
q_078,N62813,0,0,1
q_078,N64567,0,1,0
q_078,N9276,0,1,0
q_078,N9647,0,1,0
q_079,N12194,0,1,1
q_079,N14053,0,1,0
q_079,N19023,0,1,0
q_079,N21060,0,1,1
q_079,N2894,0,1,0
q_079,N30488,0,1,1
q_079,N42044,0,1,1
q_079,N6150,0,1,0
q_080,N12391,0,1,1
q_080,N13878,0,1,0
q_080,N24036,0,1,1
q_080,N24950,0,1,1
q_080,N36242,0,1,1
q_080,N53206,0,1,0
q_080,N58895,0,1,1
q_080,N60598,0,1,0
q_080,N61331,0,1,0
q_080,N9607,0,1,0
q_081,N21060,0,1,0
q_081,N27575,0,1,1
q_081,N31825,0,1,0
q_081,N32970,0,1,1
q_081,N35379,0,1,1
q_081,N4582,0,1,0
q_081,N48608,0,1,0
q_081,N52168,0,0,1
q_081,N61677,0,0,1
q_081,N9896,0,1,0
q_082,N13596,0,0,1
q_082,N28988,0,1,1
q_082,N34078,0,1,0
q_082,N36923,0,1,0
q_082,N37558,0,1,0
q_082,N38523,0,1,1
q_082,N42324,0,1,0
q_082,N49948,0,1,0
q_082,N50659,0,1,1
q_082,N54456,0,1,0
q_082,N9819,0,1,1
q_083,N14670,0,0,1
q_083,N15622,0,1,0
q_083,N19737,0,1,0
q_083,N34344,0,1,0
q_083,N38830,0,1,0
q_083,N44941,0,0,1
q_083,N54537,0,1,0
q_083,N54779,0,1,1
q_083,N56293,0,0,1
q_083,N57518,0,1,0
q_083,N62328,0,1,1
q_083,N63739,0,1,1
q_083,N6515,0,1,0
q_084,N12995,0,1,1
q_084,N13232,0,1,0
q_084,N14186,0,1,0
q_084,N27241,0,1,1
q_084,N3689,0,0,1
q_084,N43072,0,1,1
q_084,N51531,0,1,1
q_084,N55807,0,1,0
q_084,N61025,0,1,0
q_084,N6150,0,1,0
q_084,N9429,0,1,0
q_085,N22713,0,1,1
q_085,N48048,0,1,0
q_085,N48841,0,1,0
q_085,N52985,0,1,1
q_085,N5900,0,1,1
q_085,N64037,0,1,0
q_086,N12886,0,1,0
q_086,N1930,0,0,1
q_086,N21919,0,1,1
q_086,N26656,0,0,1
q_086,N30548,0,0,1
q_086,N34704,0,1,1
q_086,N41123,0,1,0
q_086,N44651,0,1,0
q_086,N46225,0,1,0
q_086,N47450,0,0,1
q_086,N48966,0,1,0
q_086,N55532,0,1,0
q_086,N57366,0,1,1
q_087,N35940,0,0,1
q_087,N3629,0,1,0
q_087,N40359,0,0,1
q_087,N55017,0,1,1
q_087,N56837,0,1,1
q_087,N58464,0,1,0
q_087,N59172,0,1,0
q_087,N6357,0,1,0
q_088,N14289,0,1,0
q_088,N23501,0,1,0
q_088,N25876,0,1,0
q_088,N26289,0,1,0
q_088,N42446,0,0,1
q_088,N51242,0,1,1
q_088,N55611,0,1,0
q_088,N7230,0,0,1
q_089,N16587,0,1,0
q_089,N20504,0,1,1
q_089,N25832,0,1,0
q_089,N37690,0,0,1
q_089,N42616,0,1,0
q_089,N50622,0,1,1
q_089,N53516,0,0,1
q_089,N54982,0,1,1
q_089,N5882,0,0,1
q_089,N63441,0,0,1
q_089,N6605,0,1,0
q_089,N8328,0,1,0
q_089,N8740,0,1,0
q_090,N1142,0,1,0
q_090,N185,0,1,0
q_090,N22303,0,1,1
q_090,N31701,0,1,0
q_090,N38913,0,1,0
q_090,N50948,0,0,1
q_090,N53511,0,1,1
q_090,N7042,0,1,0
q_091,N17428,0,1,0
q_091,N27939,0,1,1
q_091,N29956,0,1,0
q_091,N31700,0,1,1
q_091,N35555,0,0,1
q_091,N45213,0,1,0
q_091,N50948,0,0,1
q_091,N52841,0,0,1
q_091,N64549,0,1,0
q_091,N8846,0,1,0
q_092,N15529,0,1,1
q_092,N17193,0,1,0
q_092,N22801,0,1,0
q_092,N26831,0,1,0
q_092,N42874,0,0,1
q_092,N47500,0,1,0
q_092,N51538,0,0,1
q_092,N51715,0,0,1
q_092,N53369,0,0,1
q_092,N536,0,0,1
q_092,N53846,0,1,0
q_092,N65033,0,1,0
q_092,N7588,0,0,1
q_093,N1943,0,1,1
q_093,N22351,0,1,0
q_093,N59327,0,1,1
q_093,N8873,0,1,0
q_094,N22201,0,1,0
q_094,N23706,0,0,1
q_094,N3558,0,1,0
q_094,N46933,0,1,1
q_094,N57893,0,1,0
q_094,N59662,0,1,0
q_094,N61475,0,1,0
q_094,N62971,0,1,1
q_094,N65095,0,1,1
q_095,N10905,0,1,0
q_095,N16194,0,1,0
q_095,N16994,0,1,1
q_095,N18847,0,1,0
q_095,N22899,0,1,1
q_095,N28210,0,1,0
q_095,N55461,0,0,1
q_095,N64873,0,0,1
q_096,N15846,0,1,1
q_096,N20313,0,1,0
q_096,N20906,0,1,0
q_096,N2903,0,0,1
q_096,N32200,0,1,0
q_096,N3713,0,1,1
q_096,N43724,0,0,1
q_096,N45696,0,1,1
q_096,N576,0,1,0
q_096,N58087,0,1,1
q_097,N19191,0,1,1
q_097,N21384,0,1,0
q_097,N24299,0,0,1
q_097,N29790,0,1,0
q_097,N34508,0,1,1
q_097,N35867,0,1,0
q_097,N44701,0,1,0
q_097,N50210,0,1,0
q_097,N5054,0,1,1
q_097,N63938,0,0,1
q_098,N23937,0,1,0
q_098,N24668,0,1,0
q_098,N27059,0,1,1
q_098,N39208,0,1,1
q_098,N46127,0,1,0
q_098,N51340,0,0,1
q_098,N59437,0,1,0
q_098,N63255,0,1,1
q_099,N28437,0,1,0
q_099,N38700,0,1,1
q_099,N49719,0,1,1
q_099,N59969,0,1,0
q_099,N6809,0,1,1
q_100,N17845,0,1,0
q_100,N35325,0,1,0
q_100,N4388,0,0,1
q_100,N51684,0,1,0
q_100,N54257,0,1,1
q_100,N54464,0,1,0
q_100,N54542,0,1,1
q_100,N56427,0,0,1
q_100,N64322,0,0,1
