query_id,item_id,grade,annotator
q_011,N14136,0,grok-tool
q_011,N17545,0,grok-tool
q_011,N22244,0,grok-tool
q_011,N2407,0,grok-tool
q_011,N25798,1,grok-tool
q_011,N38958,1,grok-tool
q_011,N39884,0,grok-tool
q_011,N51070,0,grok-tool
q_011,N53496,0,grok-tool
q_011,N58162,0,grok-tool
q_011,N58704,1,grok-tool
q_011,N60293,0,grok-tool
q_011,N8408,0,grok-tool
q_013,N10249,0,grok-tool
q_013,N24130,0,grok-tool
q_013,N35816,0,grok-tool
q_013,N3584,0,grok-tool
q_013,N40306,0,grok-tool
q_013,N41388,0,grok-tool
q_013,N44484,0,grok-tool
q_013,N55314,0,grok-tool
q_013,N59984,0,grok-tool
q_013,N63536,0,grok-tool
q_018,N13356,0,grok-tool
q_018,N17012,0,grok-tool
q_018,N17808,0,grok-tool
q_018,N20574,0,grok-tool
q_018,N28804,0,grok-tool
q_018,N43303,0,grok-tool
q_018,N46017,0,grok-tool
q_018,N56886,0,grok-tool
q_018,N5768,0,grok-tool
q_018,N59429,0,grok-tool
q_018,N64024,0,grok-tool
q_018,N6679,0,grok-tool
q_025,N10327,1,grok-tool
q_025,N12254,1,grok-tool
q_025,N16396,1,grok-tool
q_025,N19823,1,grok-tool
q_025,N24668,1,grok-tool
q_025,N34169,1,grok-tool
q_025,N41979,0,grok-tool
q_025,N42714,1,grok-tool
q_025,N51340,2,grok-tool
q_025,N53296,1,grok-tool
q_025,N54727,1,grok-tool
q_025,N55955,3,grok-tool
q_025,N5663,3,grok-tool
q_026,N1200,0,grok-tool
q_026,N18766,1,grok-tool
q_026,N26376,1,grok-tool
q_026,N2882,1,grok-tool
q_026,N30017,1,grok-tool
q_026,N32698,2,grok-tool
q_026,N35749,1,grok-tool
q_026,N41451,1,grok-tool
q_026,N42263,1,grok-tool
q_026,N61543,0,grok-tool
q_030,N13284,0,grok-tool
q_030,N13467,1,grok-tool
q_030,N15503,1,grok-tool
q_030,N18103,2,grok-tool
q_030,N22571,1,grok-tool
q_030,N25112,1,grok-tool
q_030,N29899,2,grok-tool
q_030,N31416,1,grok-tool
q_030,N32203,1,grok-tool
q_030,N46346,1,grok-tool
q_030,N47956,0,grok-tool
q_030,N48893,1,grok-tool
q_030,N49455,0,grok-tool
q_030,N57569,1,grok-tool
q_030,N63205,1,grok-tool
q_043,N56265,3,grok-tool
q_043,N58256,3,grok-tool
q_060,N12095,1,grok-tool
q_060,N1723,1,grok-tool
q_060,N19520,0,grok-tool
q_060,N24962,1,grok-tool
q_060,N2689,1,grok-tool
q_060,N40264,1,grok-tool
q_060,N41032,1,grok-tool
q_060,N43081,1,grok-tool
q_060,N43089,1,grok-tool
q_060,N46778,1,grok-tool
q_060,N48546,1,grok-tool
q_060,N7733,1,grok-tool
q_069,N54818,0,grok-tool
q_069,N55314,2,grok-tool
q_084,N12995,0,grok-tool
q_084,N13232,0,grok-tool
q_084,N14186,0,grok-tool
q_084,N27241,0,grok-tool
q_084,N3689,0,grok-tool
q_084,N43072,0,grok-tool
q_084,N51531,0,grok-tool
q_084,N55807,0,grok-tool
q_084,N61025,0,grok-tool
q_084,N6150,0,grok-tool
q_084,N9429,0,grok-tool
q_086,N12886,0,grok-tool
q_086,N1930,1,grok-tool
q_086,N21919,1,grok-tool
q_086,N26656,1,grok-tool
q_086,N30548,0,grok-tool
q_086,N34704,3,grok-tool
q_086,N41123,1,grok-tool
q_086,N44651,0,grok-tool
q_086,N46225,0,grok-tool
q_086,N47450,1,grok-tool
q_086,N48966,0,grok-tool
q_086,N55532,0,grok-tool
q_086,N57366,0,grok-tool
q_090,N1142,1,grok-tool
q_090,N185,1,grok-tool
q_090,N22303,1,grok-tool
q_090,N31701,1,grok-tool
q_090,N38913,1,grok-tool
q_090,N50948,1,grok-tool
q_090,N53511,1,grok-tool
q_090,N7042,1,grok-tool
q_093,N1943,2,grok-tool
q_093,N22351,1,grok-tool
q_093,N59327,2,grok-tool
q_093,N8873,1,grok-tool
q_098,N23937,1,grok-tool
q_098,N24668,1,grok-tool
q_098,N27059,1,grok-tool
q_098,N39208,0,grok-tool
q_098,N46127,1,grok-tool
q_098,N51340,1,grok-tool
q_098,N59437,3,grok-tool
q_098,N63255,2,grok-tool
q_100,N17845,0,grok-tool
q_100,N35325,0,grok-tool
q_100,N4388,0,grok-tool
q_100,N51684,0,grok-tool
q_100,N54257,1,grok-tool
q_100,N54464,0,grok-tool
q_100,N54542,0,grok-tool
q_100,N56427,1,grok-tool
q_100,N64322,0,grok-tool
